SKU,Description,Sellable On Hand Units,Open PO qty,1 Month Sales,3 Month Sales,6 Month Sales,Back Order,Lead Time/Alarm,MOQ,Fob SH,Packaging Type,"L ""cm""","W ""cm""","H ""cm""","G.W.""kg""","N.W. ""kg""",Carton Qty,"Pallet Size ""cm""",Pallet Ctns,Pallet Qty,"Pallet Weight ""kg"""
13809,Auroracoin,3262,7059,7493,5860,9207,3747,9451,8424,-85746.7,you,1919,1136,5760,4170,7762,2618,966-79-6444,7904,8463,3933
90194,Zcash,8307,6089,9466,31,7548,8655,5296,196,-95.417,course,5068,7240,3214,6092,7603,2882,924-73-3111,6818,9045,7876
10310,NEO,6210,3793,1767,7521,9276,9553,452,1767,-97882289219.846,American,2125,5897,5698,3022,309,5811,936-79-5649,2808,4179,6695
79363,BlackCoin,8932,2292,1475,3987,4048,756,4057,9393,939956115296311.0,environmental,9151,5326,2625,9949,1608,1179,937-73-0507,5824,471,986
05222,Bitcoin,8994,3775,9223,2593,1566,3909,4125,7268,9065886804.768,drop,9595,112,5859,2776,5485,7861,953-83-4133,8653,2050,880
60752,Bitcoin Cash,2220,2214,663,7581,469,5553,266,1006,25601374.7509,wear,2336,2568,6126,6169,3569,244,908-85-6027,4813,4503,1033
24754,SwiftCoin,6564,3545,1139,1344,4555,3093,5205,8501,6465506838.0,score,4212,729,4852,4751,5574,271,975-82-6249,514,6218,35
20922,Namecoin,5030,4014,2634,3378,9834,4617,1591,5097,590318.67974418,fire,9455,1394,3511,4588,979,3919,959-72-9435,2948,2742,3770
42151,Sirin Labs,2017,6273,8004,8018,7867,6420,7127,7254,23478493846849.0,skin,4259,5483,1748,5503,2405,9455,933-80-7240,7375,5813,7604
94766,Auroracoin,7438,7353,427,4987,1246,8451,7303,7008,-67.410887,law,7694,5106,1511,909,1617,8971,994-98-0650,5396,956,9848
23325,TRON,1507,2467,7124,2026,4218,159,1726,805,62.169797465879,perform,8930,6643,5141,6847,4148,7379,923-83-3803,4237,7633,7968
82426,IOTA,5236,5507,2485,7576,7360,41,9812,6627,1459410.9796852,personal,3097,5226,30,6974,5789,5540,946-78-8866,1557,5813,7150
65092,Nxt,6763,7093,8965,7883,3208,386,2467,5480,975920568.7,career,8711,356,1884,3794,2091,2890,987-98-7596,3755,8867,8903
34896,EOS.IO,4102,8538,2302,5223,369,9803,5355,1066,892.26856136,have,5446,8858,9263,2804,4096,6132,986-76-9621,9933,8534,630
53783,Zcash,4399,7058,8712,6788,1873,8624,8606,8769,-9265990.88466,whether,4344,6188,5748,1921,9127,8613,972-84-6567,1654,5731,1426
41158,Lisk,4140,3403,7242,7014,3718,5268,9812,4956,-88.891672,without,8771,1181,3392,5086,8996,716,928-70-0594,4850,275,1749
28278,Burstcoin,2899,7670,2733,809,3429,56,7454,2774,-5392.6443,seven,4447,4591,1069,5608,7541,9290,954-91-6115,7664,4577,7831
14361,Dogecoin,6539,7534,8264,2954,970,9250,1254,7,7353065706.0,effect,9831,4383,485,2010,3344,58,963-98-1783,737,9730,8520
01344,Omni,8413,1389,4614,9662,1483,8409,1820,6003,-90.890383103164,doctor,6951,7904,352,4228,8842,5450,939-86-8203,2676,8861,3854
89440,Feathercoin,9552,417,9398,3446,3810,325,2102,8279,-283892094.3505,only,8662,1130,196,4975,2824,6565,978-97-8694,8171,5747,5936
48329,Burstcoin,3576,660,7250,9865,7476,6208,6016,947,-9448349217929.19,check,8941,946,8210,3803,1250,7485,961-95-0891,4755,4846,4811
18100,Emercoin,8738,9008,9100,8387,3429,3654,3182,3062,-3002372.84561001,talk,391,2580,8589,2725,6512,849,958-98-3789,2405,8624,3072
69164,SwiftCoin,9212,3901,4211,3878,6260,4356,9408,463,4753523.2572428,ahead,7629,8529,7999,6960,8015,2001,931-81-6686,5857,4805,3240
00795,Gridcoin,5441,4576,3615,1125,9600,8703,8538,3872,-41.6963053637,various,1555,349,6987,8210,516,5076,910-88-7857,4573,317,2665
88182,BlackCoin,9659,4948,7508,4846,1391,2420,968,9345,2083223.1825494,deep,1225,6959,9728,2037,6809,4304,953-78-6810,9085,5811,769
42718,Ripple,4362,8613,5924,2751,3761,3668,9892,7889,42472.8024,which,8383,6504,8932,1536,1093,519,913-71-2386,1866,4205,624
12986,Nxt,6691,1233,1541,8931,8058,7825,4592,5748,-95842255933.8833,be,2288,2704,7788,702,2858,348,903-85-9295,1976,5740,7363
95379,Ripple,215,4422,6313,8036,9820,4259,8782,884,-7893531.806,born,6720,5952,7409,2376,6370,1257,923-91-9792,5406,9540,8237
69654,Decred,6011,6935,9129,4220,5493,3748,1872,9367,-95.82099,off,2872,5406,7775,6272,6221,8008,931-90-2956,1943,8055,2424
45706,PotCoin,2486,6721,1392,2654,1323,7220,3235,2509,-411.6649619875,while,9887,7879,9828,9309,2634,9186,954-96-5405,7645,331,8324
75421,Dogecoin,5971,9515,4037,9009,5728,2266,9924,3613,-2169462790.0,from,8761,9440,6157,9344,2452,3670,961-72-7965,2341,185,326
23120,Tether,2717,1852,5667,7313,4937,2102,1590,3031,-9239.253853,consumer,7935,699,6407,2519,8905,8610,988-90-9507,708,2415,6086
18381,Burstcoin,7936,3999,2905,3333,9949,6829,9819,2690,26247568260179.1,thus,6385,9547,7871,5545,5633,2657,926-97-3522,5287,9842,9960
06899,Lisk,168,5550,4973,7841,3982,336,222,7629,666997.84782,themselves,7545,498,736,1405,7166,6999,905-82-5090,1626,5120,149
91637,PotCoin,9168,1694,5801,2300,9846,8440,734,9166,-572.4656,sell,7393,5687,443,6552,7097,5741,969-90-5816,1902,6310,1647
58667,Monero,9680,2108,5045,1630,9130,5458,1909,3015,-8822.0,half,8761,4618,6876,3593,9943,5877,969-72-7372,9431,7352,7833
86104,DigitalNote,3120,8568,4711,2051,5714,3993,2117,4867,-32665175749281.6,rather,5060,1945,5188,9978,9116,9982,965-90-1625,9189,6608,2387
50758,MazaCoin,6102,8203,4909,3951,4544,8862,283,8464,-66.76,use,5769,5788,4319,8905,9221,7327,951-73-8380,720,6134,1549
53247,XEM,7406,2326,7517,1634,2912,8951,1924,6431,0.0,individual,5820,1396,857,3581,1018,610,991-98-1850,7980,6056,2824
96489,Namecoin,5827,149,352,4194,1146,489,5560,3010,-9.822780068291,join,9464,715,5209,4024,29,1290,963-85-2170,4571,883,745
67088,TRON,7829,7296,8886,640,1363,1190,220,7381,41567939.387252,position,2247,566,6388,2750,3125,414,908-75-8939,5861,6535,3696
93095,Zclassic,2215,9975,1993,6491,2838,9996,7905,9196,-414444119.33704,level,9017,1940,9310,1898,2880,9263,934-77-1261,3884,9806,2027
52602,Gridcoin,3896,9206,9812,9545,1403,2159,8812,2653,-8709791.3575,court,1416,7029,7136,7065,6555,874,974-86-5779,1277,8967,7132
06869,Cardano,6941,9816,1418,7675,8251,3761,348,2779,844.90764,guess,3408,1531,7833,9169,7727,8000,970-71-1359,6748,5619,1519
39459,DigitalNote,4998,1915,4160,4364,8789,5932,8487,2979,5537726.0,Mrs,9018,9651,6006,5043,447,7344,970-88-7834,5891,1122,2753
92708,Omni,4920,7195,4787,2156,629,7388,2266,3850,-85204.3654897692,bad,2448,7287,5997,5584,8465,1730,967-74-1952,4752,5761,9410
66948,Ethereum Classic,7738,1356,225,7618,5960,3724,6593,2228,11.6176430273805,often,1533,9861,3590,3088,4718,9403,909-91-0914,6262,1398,8365
44586,Zclassic,9797,3293,2002,8339,2593,6702,8753,4449,2.0,measure,7779,7061,6051,5036,7567,8705,940-72-1982,1104,3268,5103
61523,DigitalNote,5682,4258,1288,4230,2782,3014,2172,5693,70534853269250.0,fall,7949,3412,2542,26,8052,1960,974-94-1496,4971,5139,1695
22649,Bytecoin,5566,6072,5167,4292,2652,6872,6064,887,2055.16160024,nature,279,9889,6081,6936,3754,2580,924-86-7223,1697,1584,6099
75856,Dogecoin,3987,9279,9272,906,7058,5298,1816,7541,63964741102291.0,center,7499,7495,6916,8506,4500,9601,990-84-2899,6706,5594,1814
06352,AMP,3337,9870,6265,7482,9624,5472,6200,736,-1518449507515.5,stock,1461,6960,6492,526,8088,2043,969-99-5115,1158,771,9178
39142,Burstcoin,5750,8816,290,1205,9921,5136,3254,1665,-424.19,tree,111,9146,2346,5815,96,3582,997-95-7089,7653,8612,8360
75541,Tether,8479,6497,246,7280,5096,7102,9881,2572,870885982134.1,score,3583,4845,6674,7575,1287,7487,930-71-7917,3224,5629,7756
15919,TRON,66,7920,5392,8660,34,1876,5125,8390,-271532040.44425,certain,2121,3388,6256,7274,8076,9496,905-97-4924,7580,9234,5559
80243,Cardano,5481,7059,7249,7883,2537,5500,1557,6166,30676809419.53,Democrat,1817,642,2298,8161,1692,8068,942-75-9099,5473,7737,7407
64987,Ripple,4492,3414,5492,7822,1227,9951,7249,82,-252572.2344,history,8529,9038,4436,6417,4964,7941,958-83-2990,6635,7769,774
76409,Bytecoin,6931,3509,6152,8421,8854,3202,1959,7659,50.236149328,material,9605,6765,9311,3346,2629,8444,914-83-3155,539,5254,1429
60384,SwiftCoin,3199,1520,4536,6999,358,6586,2899,274,9.888,than,1290,2389,7906,31,1352,9499,903-96-3186,2315,8266,9106
46863,Bitcoin Cash,3938,600,562,389,4801,2613,1046,3398,6865009.95,purpose,6968,3073,2322,270,9039,1268,969-92-3350,1801,9361,3514
20062,XEM,257,1078,7811,4497,9780,8280,610,9745,-69611475135593.5,property,4816,7610,7890,8837,5435,8985,983-91-5253,564,9788,5984
38977,Cardano,5147,7740,9628,4652,3961,7977,1577,3555,-8422234777211.0,character,3775,800,4613,5869,8591,4533,927-98-2920,6147,52,914
22689,Bitcoin Cash,3828,3548,9523,3164,7379,5985,3357,5742,-3359.808532168,everybody,899,1126,5628,6156,9612,8446,910-72-4841,4054,561,6422
29612,Auroracoin,353,4993,3448,7980,8106,8392,2046,6147,-3654.0,movie,6980,1997,2431,3350,6889,1608,960-72-1049,9480,812,4122
83513,Ethereum Classic,5696,6640,710,7566,9840,1646,1449,9789,477310462.0,range,1943,4498,3969,957,5882,3865,998-81-6416,3552,7259,9241
81676,Peercoin,7672,525,6461,197,8571,2163,3822,3663,45212914725.0,type,2481,5871,282,9931,6292,3753,911-96-1838,211,2391,2126
78105,DigitalNote,5500,3860,9196,8756,214,4084,148,7216,141643878445.34,fund,3421,8416,4381,8970,1739,7222,966-76-1863,6895,6838,541
87300,PotCoin,5339,1973,4973,8411,1022,2287,5651,4616,-4191073791071.0,where,6324,7950,4325,2854,8559,1158,912-71-9375,1488,5517,1366
72288,Titcoin,5374,8599,8942,6903,8477,1851,6520,6901,-44704650911.785,change,5124,4257,3279,4945,9024,9974,988-80-4650,1591,2485,3118
53965,Coinye,5136,86,8682,9190,4490,7658,5875,7721,-71042158827.19,despite,4876,9149,9445,8870,8871,9117,994-75-8949,1162,6436,3047
43449,Dogecoin,5239,4183,2021,323,9065,3339,3860,341,-818311964236373.0,nearly,1732,6532,1519,774,9967,6269,929-95-6278,8544,690,7754
80520,Gridcoin,6693,4272,6294,7707,2195,928,4853,8553,5463777563364.0,career,5849,6249,4468,1661,4136,8310,984-95-4454,8768,2712,3876
46683,Burstcoin,9033,6710,9756,1553,7195,7869,8807,8650,3441.28143,discover,8372,3025,4705,945,4038,1007,970-80-2899,9292,1042,8488
86126,Ethereum,4093,3594,6737,595,5777,9055,9976,4145,-76848666.0,quite,7252,5178,637,930,8789,285,936-79-6111,5698,6965,3450
84578,TRON,9670,1099,6808,9174,6669,1258,4437,7224,-3518733721662.0,leg,9614,9244,6580,1999,7233,7580,986-85-5827,2824,4442,586
38813,PotCoin,9241,1441,4109,7400,2244,2024,5561,1143,78002566523.141,collection,3453,9832,5617,4441,2770,755,944-81-6370,2282,6,364
61525,Emercoin,9627,4071,3545,4607,2403,9236,3199,4101,-3351765.9980059,yeah,7753,7133,2945,4929,697,8097,949-84-6896,434,1930,4404
48343,Dogecoin,1526,2262,3921,219,1870,439,1949,8926,298334031413.0,center,3967,9199,4539,1555,9807,2909,901-74-7441,2780,5511,4332
30580,EOS.IO,7616,1343,6291,3794,9032,6265,820,7794,-605424384.7,traditional,5092,7721,4586,6379,927,8417,900-83-2945,288,7707,123
27149,PotCoin,1430,2297,2218,9494,4573,9890,7327,6330,-508845209280.64,player,4198,3212,9848,8168,3241,6378,900-91-4014,5168,3765,6415
22008,Nxt,9475,4295,1296,4401,3670,1933,3982,6631,7611097.5601171,list,5437,2986,8968,7670,7212,5866,962-94-5448,503,3071,6692
84380,Sirin Labs,5515,4605,1118,1704,6028,3446,307,456,56395582.12392,attention,371,8807,4984,7215,1639,8406,993-73-2295,4336,948,503
21669,Feathercoin,4724,4795,4623,6082,3125,5056,2516,9845,5483683604203.95,agreement,7573,371,8724,241,5705,2714,983-88-0666,8530,4690,495
34550,Ethereum Classic,7190,6085,3377,4657,6244,9917,687,5082,6180.4,city,1370,7859,9110,8525,5283,1045,945-97-0209,3670,4925,6614
61743,Burstcoin,4589,3995,3298,3479,832,2891,5867,6063,429156749270045.0,property,7947,586,5103,2981,7430,7239,929-95-4987,1620,2313,2692
22104,Bytecoin,6777,1091,6986,8483,9180,8402,3221,9146,36407779665081.1,piece,663,8095,8017,1283,6792,6613,948-87-1763,7217,4023,4584
94645,Waves Platform,9068,8382,7700,1665,775,2572,8003,9908,6.722815913,black,7773,5228,4380,7998,5916,2459,988-80-3667,694,8451,2597
73756,Nxt,1610,3017,2567,7432,296,2073,8710,5622,26239742013566.3,play,1949,6813,9370,6316,3591,8869,908-97-2972,9120,7321,3235
29110,Sirin Labs,4888,6356,3971,4093,5478,4376,7857,605,-873448982522.3,he,8959,8887,4222,6620,654,8479,915-85-6631,2404,1388,6191
36879,MazaCoin,2159,6834,2837,6447,2182,4163,3828,3312,6985953.0,sister,1154,5544,9015,4404,5969,8722,922-86-9553,4453,8712,4101
85942,Dogecoin,8921,8086,3611,7952,2423,5113,8157,2299,-21.1192819,special,2705,2418,9340,616,488,5965,927-72-5549,719,4505,3089
35557,Namecoin,8048,9254,4361,4979,2821,1212,5167,2654,202132.7411,data,7100,5164,2519,4545,6472,5824,926-75-6021,2228,2148,4509
23676,SwiftCoin,6125,1829,9625,4410,7461,8208,9955,1758,-5212.256247173,arm,3328,5312,4739,7007,2740,6267,912-74-1349,9028,1067,9669
88050,Bitcoin,7449,5934,9389,3122,2431,861,4611,6539,48.55,stage,6708,772,1609,1718,3817,6037,983-71-0232,5724,3849,1114
22748,DigitalNote,9004,9596,2555,7537,1702,8911,2237,2196,1964.351,send,8329,8856,8442,1647,2057,8697,960-86-4359,1408,3002,4963
55997,Bitcoin,4256,2431,6894,8234,3605,5705,5059,4333,2.32,admit,2865,7712,5961,9636,4407,683,903-75-8218,3310,7553,2736
18619,NEO,2023,5145,5584,9077,3114,4467,97,7750,1063129664327.0,easy,9722,5444,152,6431,3477,1914,940-76-9569,3265,1508,6445
66463,Namecoin,2945,6179,1165,3714,7163,766,1269,9684,455400527525.58,increase,1060,5917,7773,7545,3363,4145,965-96-2457,3215,5487,5307
22039,Primecoin,8398,7604,1237,2060,7851,1081,3143,445,62621.70107,them,402,9172,6148,9113,6006,7424,954-84-2079,454,8190,8576
96554,Litecoin,2464,6166,250,9025,775,1811,8879,8772,449245.3,news,378,6814,68,611,3910,7094,988-87-9952,1659,8712,6156
